<?xml version="1.0" encoding="UTF-8"?>
  <!DOCTYPE generatorConfiguration
    PUBLIC "-//mybatis.org//DTD MyBatis Generator Configuration 1.0//EN"
    "http://mybatis.org/dtd/mybatis-generator-config_1_0.dtd">
  <generatorConfiguration>
  
      <classPathEntry location="/home/didiwei/mysql-connector-java-5.1.32.jar"/>
      <context id="DB2Tables"    targetRuntime="MyBatis3">
          <commentGenerator>
             <property name="suppressDate" value="true"/>
             <property name="suppressAllComments" value="true"/>
         </commentGenerator>
         <jdbcConnection driverClass="com.mysql.jdbc.Driver" connectionURL="jdbc:mysql://127.0.0.1:3306/his" userId="yunjiuser" password="yunji2017">
         </jdbcConnection>
         <javaTypeResolver>
             <property name="forceBigDecimals" value="false"/>
         </javaTypeResolver>
         
         <javaModelGenerator targetPackage="com.dgclrj.clwebsite.entity" targetProject="dgclrj-clwebsite">
             <property name="enableSubPackages" value="false"/>
             <property name="trimStrings" value="true"/>
         </javaModelGenerator>
         
         <sqlMapGenerator targetPackage="mapper" targetProject="dgclrj-clwebsite">
             <property name="enableSubPackages" value="false"/>
         </sqlMapGenerator>
         
         <javaClientGenerator type="XMLMAPPER" targetPackage="com.dgclrj.clwebsite.dao" targetProject="dgclrj-clwebsite">
             <property name="enableSubPackages" value="false"/>
         </javaClientGenerator>      
            
     <!--         <table tableName="CostInfo" domainObjectName="CostInfo" enableCountByExample="false" enableUpdateByExample="false" enableDeleteByExample="false" enableSelectByExample="false" selectByExampleQueryId="false"></table>
             <table tableName="DNA" domainObjectName="DNA" enableCountByExample="false" enableUpdateByExample="false" enableDeleteByExample="false" enableSelectByExample="false" selectByExampleQueryId="false"></table>
             <table tableName="IVFInfo" domainObjectName="IVFInfo" enableCountByExample="false" enableUpdateByExample="false" enableDeleteByExample="false" enableSelectByExample="false" selectByExampleQueryId="false"></table>
             <table tableName="InspectionInfo" domainObjectName="InspectionInfo" enableCountByExample="false" enableUpdateByExample="false" enableDeleteByExample="false" enableSelectByExample="false" selectByExampleQueryId="false"></table>
             <table tableName="PatientInfo" domainObjectName="PatientInfo" enableCountByExample="false" enableUpdateByExample="false" enableDeleteByExample="false" enableSelectByExample="false" selectByExampleQueryId="false"></table>
             <table tableName="bscan" domainObjectName="Bscan" enableCountByExample="false" enableUpdateByExample="false" enableDeleteByExample="false" enableSelectByExample="false" selectByExampleQueryId="false"></table>
             <table tableName="cardInfo" domainObjectName="CardInfo" enableCountByExample="false" enableUpdateByExample="false" enableDeleteByExample="false" enableSelectByExample="false" selectByExampleQueryId="false"></table>
             <table tableName="hospital" domainObjectName="Hospital" enableCountByExample="false" enableUpdateByExample="false" enableDeleteByExample="false" enableSelectByExample="false" selectByExampleQueryId="false"></table>
             <table tableName="invoiceInfo" domainObjectName="InvoiceInfo" enableCountByExample="false" enableUpdateByExample="false" enableDeleteByExample="false" enableSelectByExample="false" selectByExampleQueryId="false"></table>
             <table tableName="paymentMethod" domainObjectName="PaymentMethod" enableCountByExample="false" enableUpdateByExample="false" enableDeleteByExample="false" enableSelectByExample="false" selectByExampleQueryId="false"></table>
             <table tableName="salesInfo" domainObjectName="SalesInfo" enableCountByExample="false" enableUpdateByExample="false" enableDeleteByExample="false" enableSelectByExample="false" selectByExampleQueryId="false"></table>
             <table tableName="sampleSend" domainObjectName="SampleSend" enableCountByExample="false" enableUpdateByExample="false" enableDeleteByExample="false" enableSelectByExample="false" selectByExampleQueryId="false"></table>
             <table tableName="tangScreen" domainObjectName="TangScreen" enableCountByExample="false" enableUpdateByExample="false" enableDeleteByExample="false" enableSelectByExample="false" selectByExampleQueryId="false"></table>
               <table tableName="jurisdiction" domainObjectName="Jurisdiction" enableCountByExample="false" enableUpdateByExample="false" enableDeleteByExample="false" enableSelectByExample="false" selectByExampleQueryId="false"></table>
      -->         
      <table tableName="usertb" domainObjectName="UserTb" enableCountByExample="false" enableUpdateByExample="false" enableDeleteByExample="false" enableSelectByExample="false" selectByExampleQueryId="false"></table>
     </context>
     
 </generatorConfiguration>