<?xml version="1.0" encoding="UTF-8"?>
<beans xmlns="http://www.springframework.org/schema/beans" 
	xmlns:xsi="http://www.w3.org/2001/XMLSchema-instance"
	xmlns:context="http://www.springframework.org/schema/context" 
	xmlns:jdbc="http://www.springframework.org/schema/jdbc"  
	xmlns:jee="http://www.springframework.org/schema/jee" 
	xmlns:tx="http://www.springframework.org/schema/tx"
	xmlns:aop="http://www.springframework.org/schema/aop" 
	xmlns:mvc="http://www.springframework.org/schema/mvc"
	xmlns:util="http://www.springframework.org/schema/util"
	xmlns:jpa="http://www.springframework.org/schema/data/jpa"    
	xsi:schemaLocation=" 
		http://www.springframework.org/schema/beans http://www.springframework.org/schema/beans/spring-beans-3.2.xsd
		http://www.springframework.org/schema/context http://www.springframework.org/schema/context/spring-context-3.2.xsd
	 	http://www.springframework.org/schema/jdbc http://www.springframework.org/schema/jdbc/spring-jdbc-3.2.xsd
		http://www.springframework.org/schema/jee http://www.springframework.org/schema/jee/spring-jee-3.2.xsd
		http://www.springframework.org/schema/tx http://www.springframework.org/schema/tx/spring-tx-3.2.xsd
		http://www.springframework.org/schema/data/jpa http://www.springframework.org/schema/data/jpa/spring-jpa-1.3.xsd
		http://www.springframework.org/schema/aop http://www.springframework.org/schema/aop/spring-aop-3.2.xsd
		http://www.springframework.org/schema/mvc http://www.springframework.org/schema/mvc/spring-mvc-3.2.xsd
		http://www.springframework.org/schema/util http://www.springframework.org/schema/util/spring-util-3.2.xsd">
	<!--启用注解驱动  -->
	<mvc:annotation-driven></mvc:annotation-driven>
	<!--配件组件扫描  -->
	<context:component-scan base-package="com.dgclrj.clwebsite" />
	<bean  class="org.springframework.web.servlet.handler.BeanNameUrlHandlerMapping" />
    <bean  class="org.springframework.web.servlet.mvc.SimpleControllerHandlerAdapter" />    
    <bean id="multipartResolver" class="org.springframework.web.multipart.commons.CommonsMultipartResolver">
		<!-- 指定所上传文件的总大小不能超过5000KB。注意maxUploadSize属性的限制不是针对单个文件，而是所有文件的容量之和 -->
		<property name="maxUploadSize" value="52428800" />
		<property name="maxInMemorySize" value="2048" />
	</bean>
    <!-- 配置Freemarker属性文件路径 -->
    <bean id="freemarkerConfiguration" class="org.springframework.beans.factory.config.PropertiesFactoryBean">
        <property name="location" value="classpath:conf/freemarker.properties" />
    </bean>
    <!-- 配置freeMarker模板加载地址 -->
    <bean id="freemarkerConfig" class="org.springframework.web.servlet.view.freemarker.FreeMarkerConfigurer">
        <!-- 视图解析器在/WEB-INF/ftl/路径下扫描视图文件 -->
        <property name="templateLoaderPath" value="/WEB-INF/ftl/" />
        <property name="freemarkerVariables">
            <map>
                <entry key="xml_escape" value-ref="fmXmlEscape" />
            </map>
        </property>
    </bean>
    <bean id="fmXmlEscape" class="freemarker.template.utility.XmlEscape" />
    <!-- 配置freeMarker视图解析器 -->
    <bean id="freemakerViewResolver" class="org.springframework.web.servlet.view.freemarker.FreeMarkerViewResolver">
        <property name="viewClass" value="org.springframework.web.servlet.view.freemarker.FreeMarkerView" />
        <!-- 扫描路径內所有以ftl結尾的文件 -->
        <property name="viewNames">
            <array>
                <value>*.ftl</value>
            </array>
        </property>
        <property name="contentType" value="text/html; charset=UTF-8" />
        <property name="exposeRequestAttributes" value="true" />
        <property name="exposeSessionAttributes" value="true" />
        <property name="exposeSpringMacroHelpers" value="true" />
        <property name="requestContextAttribute" value="request" />
        <!-- 给视图解析器配置优先級，你可以给之前jsp视图解析器的值配为2 -->
        <property name="order" value="1" />
    </bean>
</beans>