<?xml version="1.0" encoding="UTF-8"?>
<beans xmlns="http://www.springframework.org/schema/beans" 
	xmlns:xsi="http://www.w3.org/2001/XMLSchema-instance"
	xmlns:context="http://www.springframework.org/schema/context" 
	xmlns:jdbc="http://www.springframework.org/schema/jdbc"  
	xmlns:jee="http://www.springframework.org/schema/jee" 
	xmlns:tx="http://www.springframework.org/schema/tx"
	xmlns:aop="http://www.springframework.org/schema/aop" 
	xmlns:mvc="http://www.springframework.org/schema/mvc"
	xmlns:util="http://www.springframework.org/schema/util"
	xmlns:jpa="http://www.springframework.org/schema/data/jpa"
	xsi:schemaLocation="
		http://www.springframework.org/schema/beans http://www.springframework.org/schema/beans/spring-beans-3.2.xsd
		http://www.springframework.org/schema/context http://www.springframework.org/schema/context/spring-context-3.2.xsd
		http://www.springframework.org/schema/jdbc http://www.springframework.org/schema/jdbc/spring-jdbc-3.2.xsd
		http://www.springframework.org/schema/jee http://www.springframework.org/schema/jee/spring-jee-3.2.xsd
		http://www.springframework.org/schema/tx http://www.springframework.org/schema/tx/spring-tx-3.2.xsd
		http://www.springframework.org/schema/data/jpa http://www.springframework.org/schema/data/jpa/spring-jpa-1.3.xsd
		http://www.springframework.org/schema/aop http://www.springframework.org/schema/aop/spring-aop-3.2.xsd
		http://www.springframework.org/schema/mvc http://www.springframework.org/schema/mvc/spring-mvc-3.2.xsd
		http://www.springframework.org/schema/util http://www.springframework.org/schema/util/spring-util-3.2.xsd">
	<!--配置连接池，数据库参数 -->
	<util:properties id="db" location="classpath:conf/db.properties"></util:properties>
	<bean id="dbcp" class="org.apache.commons.dbcp.BasicDataSource">
		<property name="driverClassName" value="#{db.driver}"/>
		<property name="url" value="#{db.url}" />  
		<property name="username" value="#{db.user}" />
		<property name="password" value="#{db.pwd}" />
		<!-- 开启ping机制，在使用闲置连接之前检测连接池中的这个连接是否被断开 wanghp 2017-09-23 -->
		 <property name="testWhileIdle" value="true" />
		<property name= "timeBetweenEvictionRunsMillis" value="5000" /> 
		<property name="minEvictableIdleTimeMillis" value="10000" />
		<property name="maxActive"  value="20"/>
		<property name="maxIdle" value="20"/>
		<property name="minIdle" value="10"/>
		<property name="poolPreparedStatements" value="true"/>
		<!--是否在数据库连接请求量大的时候，如总数50，当前已请求了49个，所剩不多了，检测那些执行时间久的连接-->    
        <property name="removeAbandoned" value="true"/>    
        <property name="removeAbandonedTimeout" value="10000"/>
        <!--每次检测时，需要检测多少个数据连接，一般设置为与最大连接数一样，这样就可以检测完所有的连接-->    
        <property name="numTestsPerEvictionRun" value="20"/>   
         <!--申请连接时执行validationQuery检测连接是否有效，做了这个配置会降低性能,保险起见还是检测吧-->    
        <property name="testOnBorrow" value="true" />    
        <!--归还连接时执行validationQuery检测连接是否有效-->    
        <property name="testOnReturn" value="true" /> 
	</bean>
		
	<!--配置sqlSessionFactoryBean-->
	<bean id="ssfb" class="org.mybatis.spring.SqlSessionFactoryBean">
	 <property name="dataSource" ref="dbcp" />
	 <!--<property name="configLocation" value="classpath:conf/mybatis-config.xml"/>-->
	 <property name="mapperLocations" value="classpath:mapper/*.xml" />
	</bean>
	<!-- 配置mapper扫描 -->
	<bean id="mapperScanner" class="org.mybatis.spring.mapper.MapperScannerConfigurer">
		<property name="basePackage" value="com.dgclrj.clwebsite.dao" />
	</bean>
</beans>