<?xml version="1.0" encoding="UTF-8" ?>
<!DOCTYPE mapper PUBLIC "-//mybatis.org//DTD Mapper 3.0//EN" "http://mybatis.org/dtd/mybatis-3-mapper.dtd" >
<mapper namespace="com.dgclrj.clwebsite.dao.UserTbMapper" >
  <resultMap id="BaseResultMap" type="com.dgclrj.clwebsite.entity.UserTb" >
    <id column="userID" property="userid" jdbcType="INTEGER" />
    <result column="clientId" property="clientid" jdbcType="CHAR" />
    <result column="userName" property="username" jdbcType="CHAR" />
    <result column="password" property="password" jdbcType="CHAR" />
    <result column="loginStatus" property="loginstatus" jdbcType="CHAR" />
    <result column="nickName" property="nickname" jdbcType="CHAR" />
    <result column="avatar" property="avatar" jdbcType="VARCHAR" />
    <result column="createDate" property="createdate" jdbcType="TIMESTAMP" />
    <result column="usertype" property="usertype" jdbcType="INTEGER" />
  </resultMap>
  <sql id="Base_Column_List" >
    userID, clientId, userName, password, loginStatus, nickName, avatar, createDate, 
    usertype
  </sql>
  <select id="selectByPrimaryKey" resultMap="BaseResultMap" parameterType="java.lang.Integer" >
    select 
    <include refid="Base_Column_List" />
    from usertb
    where userID = #{userid,jdbcType=INTEGER}
  </select>
   <select id="login" resultMap="BaseResultMap" parameterType="java.lang.String" >
    select 
    <include refid="Base_Column_List" />
    from usertb
    where userName = #{userName} and password=#{password}
  </select>
  
  <delete id="deleteByPrimaryKey" parameterType="java.lang.Integer" >
    delete from usertb
    where userID = #{userid,jdbcType=INTEGER}
  </delete>
   
  <insert id="insert" parameterType="com.dgclrj.clwebsite.entity.UserTb" >
    insert into usertb (userID, clientId, userName, 
      password, loginStatus, nickName, 
      avatar, createDate, usertype
      )
    values (#{userid,jdbcType=INTEGER}, #{clientid,jdbcType=CHAR}, #{username,jdbcType=CHAR}, 
      #{password,jdbcType=CHAR}, #{loginstatus,jdbcType=CHAR}, #{nickname,jdbcType=CHAR}, 
      #{avatar,jdbcType=VARCHAR}, #{createdate,jdbcType=TIMESTAMP}, #{usertype,jdbcType=INTEGER}
      )
  </insert>
  <insert id="insertSelective" parameterType="com.dgclrj.clwebsite.entity.UserTb" >
    insert into usertb
    <trim prefix="(" suffix=")" suffixOverrides="," >
      <if test="userid != null" >
        userID,
      </if>
      <if test="clientid != null" >
        clientId,
      </if>
      <if test="username != null" >
        userName,
      </if>
      <if test="password != null" >
        password,
      </if>
      <if test="loginstatus != null" >
        loginStatus,
      </if>
      <if test="nickname != null" >
        nickName,
      </if>
      <if test="avatar != null" >
        avatar,
      </if>
      <if test="createdate != null" >
        createDate,
      </if>
      <if test="usertype != null" >
        usertype,
      </if>
    </trim>
    <trim prefix="values (" suffix=")" suffixOverrides="," >
      <if test="userid != null" >
        #{userid,jdbcType=INTEGER},
      </if>
      <if test="clientid != null" >
        #{clientid,jdbcType=CHAR},
      </if>
      <if test="username != null" >
        #{username,jdbcType=CHAR},
      </if>
      <if test="password != null" >
        #{password,jdbcType=CHAR},
      </if>
      <if test="loginstatus != null" >
        #{loginstatus,jdbcType=CHAR},
      </if>
      <if test="nickname != null" >
        #{nickname,jdbcType=CHAR},
      </if>
      <if test="avatar != null" >
        #{avatar,jdbcType=VARCHAR},
      </if>
      <if test="createdate != null" >
        #{createdate,jdbcType=TIMESTAMP},
      </if>
      <if test="usertype != null" >
        #{usertype,jdbcType=INTEGER},
      </if>
    </trim>
  </insert>
  <update id="updateByPrimaryKeySelective" parameterType="com.dgclrj.clwebsite.entity.UserTb" >
    update usertb
    <set >
      <if test="clientid != null" >
        clientId = #{clientid,jdbcType=CHAR},
      </if>
      <if test="username != null" >
        userName = #{username,jdbcType=CHAR},
      </if>
      <if test="password != null" >
        password = #{password,jdbcType=CHAR},
      </if>
      <if test="loginstatus != null" >
        loginStatus = #{loginstatus,jdbcType=CHAR},
      </if>
      <if test="nickname != null" >
        nickName = #{nickname,jdbcType=CHAR},
      </if>
      <if test="avatar != null" >
        avatar = #{avatar,jdbcType=VARCHAR},
      </if>
      <if test="createdate != null" >
        createDate = #{createdate,jdbcType=TIMESTAMP},
      </if>
      <if test="usertype != null" >
        usertype = #{usertype,jdbcType=INTEGER},
      </if>
    </set>
    where userID = #{userid,jdbcType=INTEGER}
  </update>
  <update id="updateByPrimaryKey" parameterType="com.dgclrj.clwebsite.entity.UserTb" >
    update usertb
    set clientId = #{clientid,jdbcType=CHAR},
      userName = #{username,jdbcType=CHAR},
      password = #{password,jdbcType=CHAR},
      loginStatus = #{loginstatus,jdbcType=CHAR},
      nickName = #{nickname,jdbcType=CHAR},
      avatar = #{avatar,jdbcType=VARCHAR},
      createDate = #{createdate,jdbcType=TIMESTAMP},
      usertype = #{usertype,jdbcType=INTEGER}
    where userID = #{userid,jdbcType=INTEGER}
  </update>
</mapper>